{
  "system_info": {
    "cpu_count": 16,
    "cpu_percent": 6.2,
    "memory_total_gb": 31.93,
    "memory_available_gb": 18.69,
    "memory_percent": 41.5,
    "platform": "win32",
    "python_version": "3.13.7"
  },
  "import_performance": {
    "orchestrator": 1.1493477821350098,
    "agents.accountancy.invoice_processor": 0.9789233207702637,
    "master_platform": 0.0011703968048095703,
    "demo.launch_ultimate_demo": 0.009000778198242188
  },
  "async_performance": {
    "concurrency_5": 0.11546468734741211,
    "concurrency_10": 0.10936379432678223,
    "concurrency_20": 0.10849785804748535,
    "concurrency_50": 0.1065366268157959
  },
  "file_operations": {
    "write_100_files": 0.06911325454711914,
    "read_100_files": 0.9449279308319092,
    "cleanup_100_files": 0.026237010955810547
  },
  "cpu_operations": {
    "single_thread_cpu": 0.0623319149017334,
    "multi_thread_cpu": 0.07248520851135254,
    "fibonacci_30": 0.20906496047973633
  },
  "memory_usage": {
    "initial_memory_percent": 41.8,
    "peak_memory_percent": 41.9,
    "final_memory_percent": 41.8,
    "memory_increase_percent": 0.10000000000000142,
    "allocation_time_seconds": 0.03227734565734863
  },
  "analysis": {
    "overall_status": "GOOD",
    "recommendations": [
      "Use async operations for I/O-bound tasks",
      "Implement connection pooling for database operations",
      "Cache frequently accessed data",
      "Monitor system resources during production use"
    ],
    "warnings": []
  },
  "total_test_time": 5.007655620574951
}